customer_id,name,region,segment,joined_date,tenure_days,loyalty_score,total_orders,total_revenue,total_profit,avg_order_value,first_order_date,last_order_date,ltv_tier
CUST00181,Rohan Korpal,South,Consumer,2021-04-23,1872,2.3,8,3016879.82,1399707.98,377109.98,2022-08-31,2024-12-29,Platinum
CUST00134,Lipika Kibe,East,Startup,2024-04-06,793,3.4,15,2790812.13,1283017.21,186054.14,2022-02-18,2024-12-19,Platinum
CUST00308,Chaitanya Kaur,West,Consumer,2021-05-12,1853,9.5,10,2515064.63,1075278.57,251506.46,2022-02-15,2023-12-06,Platinum
CUST00115,Urvi Lanka,North,Smb,2020-06-01,2198,7.2,13,2345449.68,1094460.11,180419.21,2022-01-06,2024-11-25,Platinum
CUST00314,Devika Narayan,East,Consumer,2021-09-02,1740,7.3,10,2283583.4899999998,1001726.89,228358.35,2022-03-07,2024-05-11,Platinum
CUST00321,Maya Sachdev,North,Smb,2022-08-26,1382,7.9,10,2237083.12,1006277.72,223708.31,2022-02-07,2024-03-30,Platinum
CUST00484,Harshil Arora,East,Startup,2020-09-02,2105,9.1,7,2107291.08,1020779.64,301041.58,2022-04-27,2024-12-16,Platinum
CUST00256,Adya Ghosh,North,Enterprise,2021-02-17,1937,2.8,11,2025876.54,890194.5700000001,184170.59,2023-01-16,2024-11-20,Platinum
CUST00097,Rayaan Mangal,South,Startup,2021-09-10,1732,6.4,12,1993925.94,883526.07,166160.49,2022-02-19,2024-10-11,Platinum
CUST00079,Pushti Ravel,West,Consumer,2022-08-31,1377,7.8,9,1985174.23,890151.15,220574.91,2022-02-05,2024-11-02,Platinum
CUST00162,Yasti Chowdhury,East,Startup,2023-06-26,1078,7.8,11,1980460.81,869371.77,180041.89,2022-08-05,2024-12-28,Platinum
CUST00470,Amruta Bhat,West,Enterprise,2023-01-04,1251,2.4,9,1979993.49,885988.69,219999.28,2022-04-02,2024-05-01,Platinum
CUST00339,Januja Ramanathan,North,Startup,2020-11-03,2043,8.7,9,1926925.22,883054.33,214102.8,2022-04-25,2024-12-14,Platinum
CUST00271,Thomas Karpe,West,Consumer,2021-08-08,1765,10.0,8,1906192.39,840964.09,238274.05,2022-01-05,2024-04-05,Platinum
CUST00154,Xiti Dora,South,Smb,2023-06-03,1101,6.6,12,1897276.52,835185.92,158106.38,2022-03-21,2024-12-28,Platinum
CUST00419,Xiti Dara,East,Startup,2020-12-03,2013,7.7,7,1840213.28,868526.56,262887.61,2022-07-31,2024-07-12,Platinum
CUST00404,Om Bhattacharyya,West,Smb,2023-11-25,926,9.7,8,1823834.31,823545.8200000001,227979.29,2022-03-02,2024-09-28,Platinum
CUST00232,Tanmayi Om,South,Consumer,2022-09-23,1354,10.0,11,1822666.75,772853.01,165696.98,2022-01-23,2024-08-26,Platinum
CUST00460,Vamakshi Kala,West,Enterprise,2020-07-25,2144,2.1,10,1819508.01,792364.01,181950.8,2022-05-10,2024-12-15,Platinum
CUST00227,Anita Rajan,North,Enterprise,2020-07-13,2156,4.5,7,1792422.33,796313.23,256060.33,2022-01-16,2024-12-21,Platinum
CUST00171,Nisha Savant,North,Consumer,2021-03-30,1896,6.7,7,1782213.57,800103.64,254601.94,2022-07-04,2024-09-06,Platinum
CUST00044,Qarin Behl,East,Startup,2021-10-06,1706,4.6,9,1755364.67,694623.85,195040.52,2022-01-05,2024-11-13,Platinum
CUST00038,Rachita Pathak,West,Consumer,2024-05-27,742,4.8,11,1747583.65,744671.36,158871.24,2022-01-18,2024-12-25,Platinum
CUST00223,Zinal Madan,North,Consumer,2023-03-17,1179,3.9,9,1729144.78,794835.26,192127.2,2022-01-09,2024-09-24,Platinum
CUST00297,Lipika Suri,East,Consumer,2022-01-20,1600,1.5,8,1727259.5,780927.35,215907.44,2022-01-05,2024-10-01,Platinum
CUST00353,Ucchal Rastogi,North,Startup,2021-08-16,1757,9.2,9,1723714.7,775963.37,191523.86,2023-01-09,2024-11-30,Platinum
CUST00399,Dominic Mitra,West,Enterprise,2022-06-10,1459,3.7,9,1711993.2,789511.79,190221.47,2022-12-14,2024-10-26,Platinum
CUST00262,Raagini Vig,South,Smb,2020-06-13,2186,3.7,6,1700168.55,706613.43,283361.42,2022-02-14,2024-06-15,Platinum
CUST00043,Chasmum Atwal,North,Smb,2023-04-11,1154,3.8,10,1690026.12,731186.44,169002.61,2022-03-26,2024-09-12,Platinum
CUST00489,Caleb Balan,South,Enterprise,2022-04-20,1510,5.9,6,1670196.29,749592.46,278366.05,2022-03-22,2024-07-31,Platinum
CUST00464,Sneha Nazareth,East,Consumer,2024-06-14,724,5.5,8,1666452.8499999999,778267.95,208306.61,2022-06-20,2024-08-08,Platinum
CUST00469,Ekaja Dhar,North,Startup,2023-07-12,1062,7.9,9,1666136.86,756120.38,185126.32,2022-02-04,2024-08-26,Platinum
CUST00291,Jason Kulkarni,West,Smb,2021-05-23,1842,1.5,8,1620388.7,726962.36,202548.59,2023-02-02,2024-11-12,Platinum
CUST00388,Gagan Vala,West,Smb,2024-02-24,835,9.9,8,1607530.46,705717.66,200941.31,2022-12-14,2024-12-31,Platinum
CUST00062,Gautam Merchant,North,Smb,2022-11-10,1306,9.8,7,1605574.15,758159.37,229367.74,2022-08-10,2024-06-29,Platinum
CUST00166,Vinaya Narang,East,Smb,2024-08-16,661,9.7,12,1584991.93,701173.9,132082.66,2022-01-29,2024-11-03,Platinum
CUST00331,Odika Bhalla,East,Smb,2020-07-15,2154,2.3,7,1579367.89,705933.87,225623.98,2022-01-07,2024-11-10,Platinum
CUST00416,Manbir Khosla,North,Consumer,2024-02-05,854,3.8,8,1551831.72,695894.7,193978.96,2022-10-14,2024-12-27,Platinum
CUST00258,Ganga Comar,West,Enterprise,2023-08-18,1025,4.2,7,1540806.99,718389.81,220115.28,2022-09-20,2024-12-03,Platinum
CUST00396,Mohammed Thakur,West,Enterprise,2021-12-26,1625,6.4,9,1539014.51,739267.71,171001.61,2022-03-16,2024-04-20,Platinum
CUST00401,Jeevika Goyal,South,Enterprise,2021-09-16,1726,4.6,6,1536392.29,722132.5599999999,256065.38,2022-02-13,2024-09-27,Platinum
CUST00199,Naksh Bera,East,Consumer,2023-03-22,1174,4.9,8,1512690.19,639164.46,189086.27,2022-03-23,2024-12-29,Platinum
CUST00177,Ayushman Nayak,East,Consumer,2022-01-23,1597,9.8,9,1503137.43,673920.02,167015.27,2022-03-18,2024-11-23,Platinum
CUST00112,Ethan Raju,North,Smb,2020-04-22,2238,7.3,8,1495495.1400000001,660826.75,186936.89,2022-01-26,2024-02-13,Platinum
CUST00073,Jason Roy,South,Smb,2021-02-12,1942,1.4,10,1495189.71,647138.35,149518.97,2022-07-28,2024-10-19,Platinum
CUST00498,Vivaan Varty,East,Startup,2022-08-07,1401,2.1,10,1493223.19,619074.52,149322.32,2022-06-30,2024-09-16,Platinum
CUST00253,Nidhi Kala,East,Smb,2020-05-19,2211,7.6,9,1493116.04,664743.16,165901.78,2022-01-27,2024-04-11,Platinum
CUST00077,Bhanumati Sur,North,Consumer,2020-09-06,2101,8.2,10,1492647.9,666932.66,149264.79,2022-01-16,2024-10-03,Platinum
CUST00010,Kabir Soman,East,Smb,2021-03-06,1920,7.3,8,1477909.05,657351.14,184738.63,2022-08-06,2024-06-21,Platinum
CUST00478,Aashi Kari,North,Consumer,2021-07-12,1792,3.4,10,1476894.94,590429.61,147689.49,2022-09-01,2024-11-30,Platinum
CUST00170,Dhriti Pillai,East,Consumer,2022-01-31,1589,3.1,10,1469678.0,641397.33,146967.8,2022-01-11,2024-12-13,Platinum
CUST00006,Luke Lanka,East,Startup,2024-07-11,697,5.1,9,1469504.1,660217.76,163278.23,2022-09-25,2024-07-13,Platinum
CUST00142,Xalak Saraf,West,Smb,2022-09-19,1358,6.0,11,1455356.36,581117.74,132305.12,2022-04-19,2024-12-19,Platinum
CUST00395,Charvi Madan,East,Enterprise,2020-06-28,2171,5.0,6,1450601.48,655052.96,241766.91,2022-03-31,2024-12-16,Platinum
CUST00485,Joshua Muni,South,Consumer,2020-04-05,2255,1.6,8,1442761.37,683253.74,180345.17,2022-10-14,2024-11-22,Platinum
CUST00102,Vritti Iyengar,South,Smb,2022-07-13,1426,5.2,6,1438007.88,631924.34,239667.98,2023-01-19,2024-09-26,Platinum
CUST00120,Urmi Chaudhry,North,Enterprise,2022-07-12,1427,5.2,4,1436485.82,691135.0700000001,359121.46,2023-04-28,2024-11-02,Platinum
CUST00393,Aarna Soni,North,Smb,2023-12-29,892,2.4,13,1432427.8,605682.56,110186.75,2022-03-02,2024-11-05,Platinum
CUST00347,Yashodhara Samra,East,Smb,2023-01-06,1249,2.1,9,1413105.56,576867.42,157011.73,2022-08-04,2024-12-22,Platinum
CUST00475,Finn Brahmbhatt,East,Enterprise,2023-12-21,900,1.1,10,1406147.61,598836.6900000001,140614.76,2022-01-11,2024-08-15,Platinum
CUST00104,Dominic More,East,Smb,2024-12-08,547,8.9,10,1403239.52,571874.3099999999,140323.95,2022-02-09,2024-11-20,Platinum
CUST00376,Niharika Kamdar,East,Startup,2023-09-28,984,9.2,6,1396829.3599999999,689901.18,232804.89,2022-04-02,2024-09-28,Platinum
CUST00383,Tanvi Modi,North,Enterprise,2024-09-28,618,8.1,7,1386796.23,594904.75,198113.75,2022-04-05,2024-03-15,Platinum
CUST00035,Anirudh Zacharia,South,Smb,2024-10-31,585,1.9,8,1383660.7,593581.07,172957.59,2022-05-04,2024-12-01,Platinum
CUST00342,Ubika Nanda,West,Consumer,2022-03-22,1539,1.0,9,1380877.8,553025.8,153430.87,2022-02-18,2024-03-11,Platinum
CUST00072,Dhriti Sane,South,Smb,2023-09-22,990,4.0,12,1368532.9,614720.72,114044.41,2022-04-07,2024-10-28,Platinum
CUST00367,Nakul Babu,West,Enterprise,2024-01-20,870,8.6,8,1360157.46,615922.95,170019.68,2022-05-08,2024-07-27,Platinum
CUST00149,Tanvi Chhabra,North,Consumer,2024-10-26,590,9.6,6,1358200.63,600300.73,226366.77,2022-12-04,2024-11-05,Platinum
CUST00394,Chatresh Mahajan,West,Smb,2020-07-07,2162,3.8,8,1357196.35,587516.34,169649.54,2022-01-26,2024-12-08,Platinum
CUST00493,Praneel Nagy,East,Consumer,2020-06-23,2176,5.5,9,1354061.11,610502.05,150451.23,2022-01-15,2024-08-05,Platinum
CUST00164,Avni Yohannan,North,Consumer,2020-07-04,2165,3.9,6,1331833.89,597891.66,221972.31,2022-09-01,2024-05-20,Platinum
CUST00099,Indali Sekhon,East,Consumer,2024-08-12,665,4.9,4,1324659.68,609866.15,331164.92,2022-03-22,2023-06-25,Platinum
CUST00465,Lila Kaul,North,Startup,2023-05-02,1133,9.0,8,1323193.91,540627.9,165399.24,2022-05-09,2024-09-21,Platinum
CUST00095,Amol Parikh,South,Enterprise,2020-02-23,2297,6.2,8,1321227.26,581453.4,165153.41,2022-11-25,2024-08-25,Platinum
CUST00218,Aayush Seth,North,Consumer,2023-07-11,1063,7.8,6,1315536.09,556419.32,219256.02,2022-01-17,2024-04-19,Platinum
CUST00091,Meghana Thakkar,East,Startup,2024-05-19,750,1.4,6,1314495.8,565740.62,219082.63,2022-11-08,2024-04-04,Platinum
CUST00192,Indira Dhar,South,Startup,2021-04-13,1882,8.4,8,1312932.24,594646.0,164116.53,2022-05-13,2024-03-09,Platinum
CUST00402,Warhi Patel,West,Smb,2022-06-01,1468,8.7,9,1310781.35,591809.8300000001,145642.37,2022-04-20,2024-10-11,Platinum
CUST00194,Chasmum Naidu,East,Startup,2022-08-30,1378,8.5,5,1308411.23,622884.23,261682.25,2022-01-06,2022-12-23,Platinum
CUST00150,Varenya Murthy,West,Startup,2021-04-26,1869,9.3,7,1303726.74,552217.5700000001,186246.68,2023-02-10,2024-12-16,Platinum
CUST00306,Krishna Srivastava,North,Smb,2023-09-05,1007,8.0,5,1301242.19,604214.48,260248.44,2023-02-21,2024-08-13,Platinum
CUST00246,Zayan Bobal,South,Smb,2020-01-12,2339,1.2,4,1295423.14,576474.0,323855.78,2022-09-15,2024-06-24,Platinum
CUST00032,Osha Ramachandran,North,Smb,2022-04-22,1508,7.6,5,1293521.95,608725.32,258704.39,2022-03-25,2024-03-14,Platinum
CUST00389,Bhavani Pai,North,Enterprise,2022-06-15,1454,1.7,9,1290804.19,559187.5700000001,143422.69,2022-05-18,2024-12-25,Platinum
CUST00500,Ganga Raman,East,Enterprise,2021-05-24,1841,4.6,7,1289266.87,575799.54,184180.98,2022-01-13,2024-10-05,Platinum
CUST00451,Matthew Varma,South,Smb,2024-12-01,554,6.9,10,1285776.58,575258.15,128577.66,2022-03-06,2024-08-25,Platinum
CUST00190,Yadavi Nagy,East,Consumer,2022-12-23,1263,5.5,7,1284528.84,567631.54,183504.12,2022-01-14,2024-10-30,Platinum
CUST00427,Jacob Atwal,North,Smb,2021-05-04,1861,2.6,9,1275077.29,558248.86,141675.25,2022-07-30,2024-11-08,Platinum
CUST00332,Lopa Grover,East,Enterprise,2022-02-25,1564,7.8,9,1273537.26,581867.7,141504.14,2022-05-15,2024-12-10,Platinum
CUST00126,Isaac Bhatia,East,Smb,2023-05-10,1125,4.9,9,1272802.56,527898.13,141422.51,2022-05-03,2024-12-02,Platinum
CUST00078,Qushi Gill,East,Startup,2024-01-14,876,4.8,8,1272778.31,541717.8200000001,159097.29,2022-02-07,2024-10-15,Platinum
CUST00337,Kalpit Balakrishnan,West,Consumer,2023-10-26,956,8.9,8,1263560.3,546954.24,157945.04,2022-01-10,2024-10-24,Platinum
CUST00175,Nachiket Yadav,South,Startup,2024-09-04,642,4.7,6,1254275.75,591611.05,209045.96,2022-01-12,2023-10-14,Platinum
CUST00304,Advay Raja,East,Consumer,2021-09-06,1736,1.1,9,1253569.81,530624.84,139285.53,2022-02-15,2024-08-25,Platinum
CUST00076,Nakul Bawa,North,Smb,2024-07-05,703,5.7,10,1253169.45,519720.28,125316.94,2022-07-29,2024-09-11,Platinum
CUST00056,Harish Sarraf,East,Startup,2023-09-28,984,8.0,9,1244091.85,544040.54,138232.43,2022-03-21,2024-11-13,Platinum
CUST00436,Forum Bassi,North,Smb,2020-03-08,2283,4.1,6,1243576.6199999999,559757.59,207262.77,2022-01-06,2024-10-26,Platinum
CUST00495,Pooja Seshadri,South,Smb,2021-10-08,1704,4.5,8,1222297.17,548489.63,152787.15,2022-10-07,2024-12-29,Platinum
CUST00008,Chaaya Saran,East,Consumer,2020-04-04,2256,8.0,7,1213602.99,544789.67,173371.86,2022-04-04,2024-10-11,Platinum
CUST00443,Vansha Sharma,South,Startup,2023-03-29,1167,6.7,9,1208994.47,477171.75,134332.72,2022-03-04,2024-12-12,Platinum
CUST00435,Girindra Narasimhan,East,Consumer,2022-06-23,1446,9.9,10,1206347.56,544480.08,120634.76,2022-02-16,2024-08-25,Platinum
CUST00370,Shaurya Saran,South,Smb,2022-02-17,1572,3.2,8,1201340.66,538153.87,150167.58,2022-11-22,2024-12-20,Platinum
CUST00219,Ryan Prakash,West,Consumer,2023-07-09,1065,5.0,9,1197482.6099999999,522623.62,133053.62,2022-06-26,2024-11-19,Platinum
CUST00124,Advay Lal,South,Enterprise,2024-06-12,726,7.7,7,1196719.43,519233.62,170959.92,2022-01-02,2024-08-30,Platinum
CUST00296,Barkha Naidu,West,Startup,2024-10-02,614,2.2,9,1193346.05,553613.8200000001,132594.01,2022-01-30,2024-12-07,Platinum
CUST00081,Aahana Hora,South,Smb,2023-01-12,1243,2.4,10,1191676.13,523812.42,119167.61,2022-01-23,2024-08-22,Platinum
CUST00147,Irya Chander,West,Startup,2022-07-25,1414,2.3,10,1191666.8800000001,501910.9,119166.69,2022-01-16,2024-10-02,Platinum
CUST00214,Ekaja Dey,West,Smb,2021-09-28,1714,3.0,8,1185771.27,507448.76,148221.41,2022-11-02,2024-12-10,Platinum
CUST00137,Madhav Babu,North,Consumer,2023-08-20,1023,5.5,6,1184550.81,532812.6,197425.14,2022-01-29,2024-09-13,Platinum
CUST00055,Ekanta Gulati,North,Smb,2024-06-19,719,1.4,8,1183503.41,512396.76,147937.93,2023-07-15,2024-12-15,Platinum
CUST00373,Avni Deshpande,West,Consumer,2023-01-16,1239,9.6,10,1179093.28,470048.24,117909.33,2022-09-10,2024-12-19,Platinum
CUST00391,Ryan Grewal,South,Startup,2022-02-08,1581,7.1,8,1177136.41,517681.67,147142.05,2022-04-11,2023-10-31,Platinum
CUST00133,Omaja Rege,West,Startup,2023-01-17,1238,1.5,9,1176965.82,508664.67,130773.98,2022-04-21,2024-12-04,Platinum
CUST00287,Bhavani Wali,East,Smb,2024-07-12,696,3.7,7,1175719.67,545082.01,167959.95,2022-11-23,2024-10-22,Platinum
CUST00255,Vincent Bhatnagar,South,Consumer,2022-09-08,1369,8.3,8,1174980.96,515009.75,146872.62,2022-01-31,2024-12-23,Platinum
CUST00159,Qadim Prakash,West,Smb,2023-03-18,1178,3.7,8,1168268.1,532898.65,146033.51,2022-03-12,2024-11-14,Platinum
CUST00348,Bahadurjit Barad,South,Consumer,2021-09-04,1738,7.5,7,1167265.1500000001,520764.05,166752.16,2022-01-30,2024-12-18,Platinum
CUST00390,Maanas Johal,West,Enterprise,2021-07-14,1790,5.1,9,1158466.52,504801.83,128718.5,2022-09-15,2024-11-24,Platinum
CUST00153,Mugdha Narula,North,Smb,2022-06-02,1467,5.8,8,1156388.91,510482.01,144548.61,2022-03-04,2024-12-02,Platinum
CUST00198,Advika Cheema,South,Startup,2021-04-05,1890,4.2,9,1153801.95,541949.18,128200.22,2022-02-10,2024-02-01,Platinum
CUST00001,Aryan Maharaj,North,Consumer,2021-05-17,1848,7.6,13,1150526.38,499311.42,88502.03,2022-03-28,2024-11-12,Platinum
CUST00004,Viraj Chaudhuri,East,Consumer,2020-11-23,2023,4.1,8,1145225.69,492399.57,143153.21,2022-07-23,2024-12-03,Platinum
CUST00408,Krish Muni,West,Enterprise,2021-09-13,1729,6.9,6,1141856.95,532530.26,190309.49,2022-04-14,2023-12-02,Platinum
CUST00014,Chandresh Zachariah,East,Startup,2022-03-22,1539,6.8,6,1138088.97,557461.63,189681.49,2022-02-19,2024-10-08,Platinum
CUST00356,Reyansh Bandi,South,Startup,2020-04-07,2253,9.5,9,1137636.7,452776.15,126404.08,2022-04-21,2024-11-18,Platinum
CUST00480,Pallavi Borde,South,Smb,2024-05-03,766,6.2,8,1135773.9,511920.03,141971.74,2022-03-20,2024-12-24,Platinum
CUST00334,Guneet Varty,South,Startup,2022-08-12,1396,4.6,6,1135523.07,461760.84,189253.85,2023-01-30,2024-10-15,Platinum
CUST00479,Warhi Pathak,North,Startup,2022-01-08,1612,8.7,8,1132979.56,449736.17,141622.45,2022-01-20,2024-12-13,Platinum
CUST00041,Nidhi Kohli,South,Consumer,2020-06-14,2185,1.6,10,1130078.1,476469.52999999997,113007.81,2022-02-02,2024-11-21,Platinum
CUST00236,Chaitaly Sethi,West,Smb,2023-10-18,964,9.7,10,1117766.21,434999.64,111776.62,2022-11-09,2024-10-22,Platinum
CUST00204,Siddharth Hans,North,Smb,2024-03-26,804,7.1,6,1117178.09,509057.43,186196.35,2022-04-04,2024-01-15,Platinum
CUST00422,Lipika Anand,South,Startup,2022-03-08,1553,2.9,10,1114815.19,523395.33,111481.52,2022-02-13,2024-10-22,Platinum
CUST00252,Sanaya Parmer,North,Consumer,2020-03-31,2260,9.8,6,1110999.34,506045.64,185166.56,2022-08-13,2024-08-27,Platinum
CUST00333,Parth Choudhury,East,Startup,2023-03-20,1176,6.9,7,1103422.22,471759.11,157631.75,2022-01-30,2024-10-04,Platinum
CUST00050,Ekani Cheema,East,Consumer,2021-02-21,1933,8.7,10,1092269.59,432143.85,109226.96,2022-05-16,2024-11-14,Platinum
CUST00173,Advik Patel,East,Enterprise,2021-04-26,1869,2.2,11,1091721.49,485157.68,99247.41,2022-03-31,2024-04-23,Platinum
CUST00499,Dalaja Andra,South,Consumer,2023-11-29,922,2.9,4,1088337.52,508151.06,272084.38,2022-01-07,2024-01-10,Platinum
CUST00196,Ekaja Ganesh,North,Startup,2022-04-22,1508,7.0,10,1087693.59,489238.51,108769.36,2022-01-25,2024-09-01,Platinum
CUST00155,Vamakshi Chatterjee,South,Consumer,2020-10-21,2056,6.7,8,1087599.6099999999,436737.8,135949.95,2022-03-24,2024-11-02,Platinum
CUST00382,Idika Salvi,North,Enterprise,2022-02-16,1573,5.3,7,1087175.58,500627.35000000003,155310.8,2022-01-29,2024-06-13,Platinum
CUST00186,Zaid Chandra,West,Consumer,2020-03-30,2261,9.2,5,1083670.88,531416.33,216734.18,2022-01-18,2024-09-20,Platinum
CUST00368,Nisha Khare,South,Smb,2020-04-04,2256,3.0,9,1076781.79,473794.52999999997,119642.42,2022-03-22,2024-12-31,Platinum
CUST00364,Ekbal Bansal,South,Consumer,2020-08-29,2109,7.8,9,1074815.31,455355.01,119423.92,2022-01-18,2024-09-02,Platinum
CUST00135,Teerth Srinivas,South,Smb,2023-12-02,919,1.3,7,1074394.56,453967.33,153484.94,2022-01-13,2024-04-20,Platinum
CUST00019,Krish Lalla,North,Startup,2023-01-05,1250,7.9,9,1069625.06,472238.76999999996,118847.23,2022-02-11,2024-11-02,Platinum
CUST00018,Tanay Toor,North,Smb,2022-08-17,1391,9.7,10,1068929.2,456238.67,106892.92,2022-01-30,2024-12-11,Platinum
CUST00329,Odika Bath,West,Consumer,2020-01-30,2321,8.1,8,1067799.21,471200.99,133474.9,2022-01-09,2024-09-11,Platinum
CUST00379,Lakshit Natt,South,Consumer,2022-12-10,1276,2.7,8,1063276.48,428092.29,132909.56,2023-04-14,2024-11-05,Platinum
CUST00090,Harshil Varty,West,Consumer,2022-08-22,1386,5.9,8,1060873.04,437273.57,132609.13,2022-02-20,2024-12-27,Platinum
CUST00230,Falan Swamy,West,Consumer,2023-10-05,977,9.5,5,1056770.24,508086.11,211354.05,2023-10-14,2024-04-17,Platinum
CUST00193,Saksham De,West,Consumer,2021-10-03,1709,7.0,7,1055297.77,456151.98,150756.82,2022-11-03,2024-12-05,Platinum
CUST00027,Ekanta Shroff,South,Smb,2023-10-08,974,4.9,5,1051894.81,472871.39,210378.96,2022-02-18,2024-04-02,Platinum
CUST00350,Daksha Lad,South,Enterprise,2023-09-15,997,7.9,12,1044007.3,440361.49,87000.61,2022-03-05,2024-11-26,Platinum
CUST00209,Krishna Viswanathan,East,Enterprise,2024-03-10,820,2.2,6,1042472.99,469340.81,173745.5,2022-12-11,2024-09-20,Platinum
CUST00409,Adya Talwar,West,Enterprise,2023-05-10,1125,4.6,8,1033774.13,413291.79,129221.77,2022-03-19,2024-06-04,Platinum
CUST00454,Tara Varty,West,Enterprise,2021-04-09,1886,5.0,5,1026747.53,492738.81,205349.51,2022-05-18,2024-11-20,Platinum
CUST00101,Mitali Murthy,East,Startup,2024-08-19,658,3.4,7,1019374.61,422421.39,145624.94,2022-04-06,2024-12-08,Platinum
CUST00060,Zashil Shan,North,Smb,2024-07-31,677,4.1,8,1019180.12,401961.82,127397.51,2022-11-12,2024-11-04,Platinum
CUST00266,Charles Dyal,South,Enterprise,2020-05-18,2212,6.8,8,1018190.41,438838.53,127273.8,2023-01-27,2024-11-22,Platinum
CUST00157,Aayush Kala,South,Smb,2021-12-09,1642,3.7,5,1002228.01,454736.44,200445.6,2023-04-03,2024-11-01,Platinum
CUST00074,Ishwar Mallick,West,Startup,2024-12-20,535,2.7,8,1001671.6699999999,426993.9,125208.96,2022-12-10,2024-07-19,Platinum
CUST00372,Chatura Sarin,West,Smb,2024-06-17,721,2.3,9,998220.8200000001,463106.67,110913.42,2022-02-24,2024-11-04,Platinum
CUST00114,Maya Mistry,West,Smb,2020-04-16,2244,8.8,5,996972.67,420797.26,199394.53,2022-04-23,2024-05-21,Platinum
CUST00358,Alka Gokhale,West,Consumer,2021-09-08,1734,2.3,7,996767.4299999999,451401.92,142395.35,2022-11-16,2024-06-14,Platinum
CUST00251,Falguni Mohan,West,Startup,2020-06-25,2174,4.2,6,992881.07,439496.9,165480.18,2022-04-29,2024-04-19,Platinum
CUST00439,Radha Sandhu,North,Startup,2023-05-08,1127,3.9,6,990006.39,465526.43,165001.07,2022-01-17,2024-10-13,Platinum
CUST00108,Ucchal Jani,West,Smb,2024-03-08,822,4.2,10,987394.47,396967.12,98739.45,2022-03-21,2024-12-02,Platinum
CUST00346,Krish Apte,West,Enterprise,2023-09-18,994,2.2,9,980238.24,426119.73,108915.36,2022-05-12,2024-04-27,Platinum
CUST00406,Lavanya Narain,South,Startup,2023-02-01,1223,7.5,6,975495.89,391345.51,162582.65,2022-04-30,2024-10-27,Platinum
CUST00261,Samaksh Virk,East,Consumer,2020-06-11,2188,10.0,7,968845.3200000001,413671.31,138406.47,2022-01-25,2024-12-09,Platinum
CUST00349,Urmi Brahmbhatt,West,Consumer,2021-05-22,1843,2.4,8,965486.02,405065.76,120685.75,2022-02-23,2024-12-16,Platinum
CUST00282,Shivansh Ganesan,East,Smb,2023-07-25,1049,3.5,6,962471.01,410676.39,160411.83,2022-10-18,2024-10-15,Platinum
CUST00046,Naksh Khatri,North,Startup,2022-11-03,1313,9.4,6,959985.6,438262.94,159997.6,2022-04-21,2024-03-21,Platinum
CUST00326,Tamanna Parsa,East,Enterprise,2023-03-10,1186,9.4,9,955233.72,431391.79,106137.08,2023-02-05,2024-12-25,Platinum
CUST00374,Nisha Vig,North,Consumer,2023-10-01,981,1.1,6,953182.47,413966.88,158863.74,2022-07-21,2024-12-07,Platinum
CUST00477,Rohan Randhawa,East,Consumer,2024-11-24,561,9.0,7,952213.1,468357.44,136030.44,2022-02-18,2023-12-14,Platinum
CUST00307,Isaiah Sachdev,South,Startup,2020-12-16,2000,7.5,3,951182.23,457136.16000000003,317060.74,2022-08-15,2023-10-01,Platinum
CUST00277,Warinder Sankaran,South,Enterprise,2022-03-27,1534,7.5,8,950367.76,433134.57,118795.97,2022-02-01,2024-12-27,Platinum
CUST00351,Kevin Mand,North,Smb,2020-07-26,2143,5.0,6,950236.71,374222.32,158372.79,2022-04-16,2024-08-25,Platinum
CUST00280,Farhan Raj,South,Smb,2024-11-14,571,2.1,5,948876.5,434025.89999999997,189775.3,2022-06-30,2024-05-15,Platinum
CUST00360,Mahika Aggarwal,South,Smb,2023-08-18,1025,5.0,7,946657.18,417788.99,135236.74,2022-02-10,2024-09-07,Platinum
CUST00195,Joshua Goel,North,Enterprise,2024-02-23,836,2.2,8,937609.48,417274.38,117201.18,2022-05-13,2024-10-15,Platinum
CUST00424,Sachi Deshpande,East,Startup,2021-06-22,1812,5.4,4,937359.99,453474.38,234340.0,2022-03-20,2024-06-15,Platinum
CUST00318,Ekta Shankar,North,Consumer,2023-09-06,1006,5.3,8,934330.48,398284.18,116791.31,2022-10-05,2024-12-04,Platinum
CUST00438,Karan Parmer,East,Smb,2020-10-13,2064,8.3,5,933241.03,418445.84,186648.21,2023-04-12,2024-11-08,Platinum
CUST00462,Jagat Rege,North,Startup,2023-05-14,1121,3.6,5,932763.13,443639.2,186552.63,2023-03-06,2024-08-25,Platinum
CUST00215,Yashica Mital,South,Startup,2020-08-22,2116,2.7,4,932203.77,465479.88,233050.94,2022-12-29,2023-08-22,Platinum
CUST00257,Abeer Thaker,North,Consumer,2022-11-22,1294,8.3,9,929748.36,382519.58999999997,103305.37,2022-04-02,2024-12-13,Platinum
CUST00111,Bhavika Yadav,East,Consumer,2021-08-30,1743,2.6,7,929428.5,393211.4,132775.5,2022-10-05,2024-12-11,Platinum
CUST00254,Januja Thakkar,North,Enterprise,2021-12-23,1628,8.3,5,927774.51,401876.65,185554.9,2022-02-27,2023-07-28,Platinum
CUST00311,Libni Kashyap,North,Startup,2023-02-23,1201,7.0,6,917228.69,402744.53,152871.45,2022-06-21,2024-12-08,Platinum
CUST00094,Omaja Grover,East,Startup,2024-03-12,818,8.0,6,915365.3,371236.54,152560.88,2022-02-28,2024-10-02,Platinum
CUST00233,Bishakha Vig,South,Smb,2024-06-03,735,7.9,9,914720.02,391467.05,101635.56,2022-08-27,2024-11-18,Platinum
CUST00449,Oscar Iyengar,East,Enterprise,2023-07-07,1067,5.1,7,914504.79,428461.0,130643.54,2022-02-02,2024-11-14,Platinum
CUST00088,Mitesh Gaba,South,Smb,2021-06-17,1817,2.9,9,913981.79,375770.4,101553.53,2022-08-20,2024-11-24,Platinum
CUST00468,Bhavika Dhawan,North,Startup,2020-01-30,2321,1.4,7,911138.81,371993.59,130162.69,2022-06-23,2024-05-09,Platinum
CUST00269,Ijaya Palan,West,Startup,2021-05-27,1838,1.2,6,906586.26,423995.62,151097.71,2022-01-25,2024-04-13,Platinum
CUST00109,Shivani Kota,West,Smb,2021-04-18,1877,2.7,7,904474.33,372196.81,129210.62,2022-06-22,2024-11-08,Platinum
CUST00467,Neelima Bath,West,Startup,2020-12-20,1996,9.6,5,901962.12,403474.89,180392.42,2022-01-08,2024-06-26,Platinum
CUST00087,Harita Sunder,North,Startup,2023-09-20,992,6.8,8,900988.69,357721.8,112623.59,2022-02-13,2024-11-11,Platinum
CUST00344,Gaurav Anand,North,Consumer,2022-08-25,1383,4.7,7,896693.04,389948.05,128099.01,2022-01-18,2024-12-14,Platinum
CUST00303,Vasudha Ghose,East,Smb,2023-06-17,1087,3.7,6,893091.76,381083.42,148848.63,2022-06-21,2024-05-25,Platinum
CUST00226,Girish Bath,West,Smb,2021-08-03,1770,8.0,5,891084.21,395636.64,178216.84,2022-04-07,2024-11-03,Platinum
CUST00160,Bhavya Dey,East,Consumer,2023-09-11,1001,1.1,6,888019.03,419104.76999999996,148003.17,2023-01-04,2024-08-15,Platinum
CUST00085,Hamsini Ben,West,Startup,2021-07-13,1791,1.3,8,887956.26,380647.9,110994.53,2022-03-01,2024-11-06,Platinum
CUST00033,Vedika Balakrishnan,North,Smb,2021-11-26,1655,2.0,7,887902.21,403145.5,126843.17,2022-06-28,2024-08-13,Platinum
CUST00139,Aditya Kamdar,South,Smb,2023-05-13,1122,8.9,6,885912.34,426106.67000000004,147652.06,2023-03-03,2024-11-08,Platinum
CUST00061,Watika Mangat,South,Enterprise,2021-01-31,1954,3.5,7,885186.67,418111.92,126455.24,2022-01-29,2023-12-23,Platinum
CUST00363,Xalak Walla,South,Smb,2021-11-13,1668,9.2,5,883914.92,420823.4,176782.98,2023-02-16,2024-07-01,Platinum
CUST00007,Imaran Dua,North,Enterprise,2021-08-24,1749,6.6,7,883857.13,399218.04,126265.3,2022-01-23,2024-06-29,Platinum
CUST00132,Warjas Mittal,North,Enterprise,2021-06-01,1833,9.7,7,877868.35,350920.8,125409.76,2022-01-12,2024-10-22,Platinum
CUST00319,Siya Shan,South,Consumer,2023-11-27,924,2.0,4,876302.14,391236.0,219075.54,2023-02-28,2024-04-06,Platinum
CUST00224,Ishita Rout,West,Consumer,2022-07-12,1427,9.1,3,875263.53,371826.5,291754.51,2022-12-21,2023-12-29,Platinum
CUST00054,Yashica Loke,South,Consumer,2023-04-08,1157,4.9,4,875158.76,383793.02,218789.69,2022-05-26,2024-09-12,Platinum
CUST00324,Wazir Kalla,South,Consumer,2020-12-25,1991,8.5,7,871769.5599999999,308360.43,124538.51,2022-03-29,2024-09-05,Platinum
CUST00341,Vasatika Rajagopalan,West,Startup,2022-11-18,1298,6.1,4,870442.88,441302.22000000003,217610.72,2022-01-19,2024-12-04,Platinum
CUST00174,Darpan Rao,West,Startup,2024-03-02,828,5.9,7,864160.32,338734.24,123451.47,2022-06-10,2024-04-18,Platinum
CUST00317,Vyanjana Som,West,Consumer,2024-07-06,702,1.4,8,860728.6799999999,353522.3,107591.08,2022-11-04,2024-05-30,Platinum
CUST00216,Garima Prabhu,East,Consumer,2024-08-05,672,2.3,6,859282.2,348462.73,143213.7,2022-02-26,2024-12-27,Platinum
CUST00338,Rudra Walla,North,Startup,2022-01-11,1609,6.1,7,857113.17,388917.0,122444.74,2022-05-17,2024-09-27,Platinum
CUST00377,Lakshit Ravi,West,Enterprise,2023-02-04,1220,1.2,6,855334.01,396044.93,142555.67,2022-08-03,2024-11-09,Platinum
CUST00268,Balendra Parsa,East,Smb,2020-06-07,2192,5.8,7,850038.93,327853.64,121434.13,2022-04-25,2024-09-21,Platinum
CUST00432,Zansi Munshi,West,Enterprise,2020-03-05,2286,3.0,6,848658.4299999999,347773.37,141443.07,2022-06-10,2024-06-03,Platinum
CUST00362,Hredhaan Parmer,North,Smb,2024-04-09,790,7.0,8,828364.23,351478.63,103545.53,2022-07-01,2024-11-05,Platinum
CUST00064,Vivaan Sinha,East,Enterprise,2022-06-09,1460,8.1,8,827733.52,344627.0,103466.69,2022-08-02,2024-07-19,Platinum
CUST00213,Barkha Misra,West,Enterprise,2024-09-26,620,4.9,5,825708.84,368238.38,165141.77,2022-01-14,2024-06-23,Platinum
CUST00463,Luke Dhar,North,Smb,2023-05-28,1107,7.7,5,824182.45,366659.42000000004,164836.49,2022-01-02,2024-09-06,Platinum
CUST00293,Jeremiah Sura,East,Consumer,2022-10-18,1329,5.2,5,822832.74,395102.87,164566.55,2022-11-14,2024-09-05,Platinum
CUST00278,Zashil Batta,West,Consumer,2020-06-01,2198,3.9,5,820145.16,404008.58,164029.03,2022-02-16,2024-10-05,Platinum
CUST00039,Gabriel Mallick,West,Smb,2021-03-22,1904,6.2,4,810939.85,384522.52,202734.96,2022-05-09,2024-08-16,Platinum
CUST00105,Kai Sant,North,Enterprise,2024-01-15,875,6.0,6,807739.95,316252.92,134623.32,2022-06-06,2024-05-22,Platinum
CUST00145,Rachana Grewal,West,Consumer,2024-06-11,727,9.8,8,806127.8099999999,366018.83,100765.98,2022-01-28,2024-05-15,Platinum
CUST00316,Qasim Bal,East,Enterprise,2023-10-18,964,9.1,8,805553.97,294169.77,100694.25,2022-04-08,2024-11-06,Platinum
CUST00045,Upkaar Virk,East,Smb,2024-03-20,810,1.1,5,800326.35,356168.52,160065.27,2022-07-24,2024-11-09,Platinum
CUST00481,Urvashi Khare,North,Consumer,2020-01-07,2344,8.8,8,797827.7,306289.19,99728.46,2023-02-27,2024-08-12,Platinum
CUST00128,Devansh Bhasin,North,Startup,2024-04-12,787,5.2,8,793211.59,322161.48,99151.45,2022-09-03,2024-07-09,Platinum
CUST00487,Gautami Mistry,North,Smb,2023-03-01,1195,7.7,5,787679.27,327831.77,157535.85,2022-02-09,2024-07-03,Platinum
CUST00167,Geetika De,East,Consumer,2022-08-18,1390,2.3,3,778706.0,304318.68,259568.67,2022-11-13,2024-08-03,Platinum
CUST00428,Barkha Gulati,South,Smb,2020-10-10,2067,4.8,6,777757.82,338560.45,129626.3,2022-09-03,2024-05-26,Platinum
CUST00151,Pranit Bala,South,Smb,2020-07-21,2148,7.3,6,775883.74,259153.75,129313.96,2023-01-29,2024-07-27,Platinum
CUST00040,Harini Mammen,North,Enterprise,2023-04-12,1153,9.3,6,775531.57,350532.12,129255.26,2022-02-05,2023-10-21,Platinum
CUST00015,Bhavika Sampath,South,Enterprise,2024-03-06,824,3.4,6,775015.6,333542.66,129169.27,2022-03-17,2024-12-18,Platinum
CUST00434,Samar Mander,West,Startup,2021-07-03,1801,8.4,8,770203.7,338174.37,96275.46,2022-04-19,2024-11-25,Platinum
CUST00016,Dakshesh Trivedi,West,Smb,2020-10-11,2066,1.8,9,769815.01,367916.8,85535.0,2022-02-06,2024-05-14,Platinum
CUST00284,Sai Deshmukh,South,Consumer,2023-03-01,1195,8.8,6,768174.91,339884.48,128029.15,2022-01-12,2024-08-13,Platinum
CUST00024,Jack Lal,East,Enterprise,2024-12-04,551,1.7,9,764623.84,316545.14,84958.2,2022-01-08,2024-12-10,Platinum
CUST00243,Vaishnavi Andra,North,Enterprise,2022-10-26,1321,4.5,7,755426.24,335389.95,107918.03,2022-10-05,2024-12-25,Platinum
CUST00172,Avi Mitra,West,Startup,2020-08-27,2111,9.5,8,750765.9400000001,299317.49,93845.74,2022-02-19,2024-10-18,Platinum
CUST00444,Avi Kadakia,West,Enterprise,2024-06-16,722,1.8,7,748880.82,309780.0,106982.97,2022-03-21,2024-12-28,Platinum
CUST00080,Farhan Randhawa,East,Startup,2021-07-17,1787,7.4,6,739045.4199999999,319997.83,123174.24,2022-01-12,2024-10-25,Platinum
CUST00063,Faqid Dhaliwal,East,Enterprise,2021-06-19,1815,9.7,5,736318.43,328937.12,147263.69,2022-04-30,2024-12-30,Platinum
CUST00471,Daksha Ray,North,Enterprise,2021-02-21,1933,2.4,7,736295.92,343541.66000000003,105185.13,2022-03-30,2024-09-10,Platinum
CUST00086,Manya Dayal,East,Consumer,2024-09-18,628,2.1,7,734244.22,314402.83999999997,104892.03,2022-07-23,2024-09-27,Platinum
CUST00106,Jeremiah Mitter,South,Startup,2022-10-03,1344,1.2,6,731949.36,324882.72000000003,121991.56,2022-04-29,2024-08-13,Platinum
CUST00466,Reyansh Bera,North,Consumer,2020-09-28,2079,8.6,5,728224.99,292262.76,145645.0,2022-08-25,2024-01-16,Platinum
CUST00022,Nicholas Goel,South,Smb,2020-11-27,2019,8.0,5,728085.16,331863.11,145617.03,2022-01-07,2024-07-27,Platinum
CUST00191,Harish Kota,West,Consumer,2020-08-23,2115,6.9,6,726427.9299999999,293278.19,121071.32,2022-09-18,2024-12-14,Platinum
CUST00437,Mohini Kumer,North,Consumer,2020-08-29,2109,3.1,7,724606.74,319646.27,103515.25,2022-05-17,2023-09-22,Platinum
CUST00407,Andrew Balay,South,Consumer,2024-08-30,647,8.4,3,719614.77,309162.9,239871.59,2022-05-16,2024-08-18,Platinum
CUST00138,Om Pandey,East,Smb,2022-09-16,1361,3.2,7,717130.58,286782.33,102447.23,2022-02-10,2024-08-30,Platinum
CUST00011,Umang Bhatt,North,Startup,2021-05-17,1848,4.4,7,715956.04,302073.83,102279.43,2023-03-03,2024-12-11,Platinum
CUST00146,Gavin Ahluwalia,West,Enterprise,2023-04-24,1141,1.9,8,713557.86,296814.88,89194.73,2022-02-05,2024-12-14,Platinum
CUST00457,Harini Dutta,East,Enterprise,2024-05-04,765,8.9,5,713266.62,315726.59,142653.32,2022-05-29,2024-08-18,Platinum
CUST00037,Faqid Kibe,West,Consumer,2020-05-01,2229,1.0,5,711194.01,268144.48,142238.8,2022-05-09,2023-05-13,Platinum
CUST00237,Kevin Gokhale,East,Smb,2021-05-05,1860,8.3,5,709245.35,327932.08,141849.07,2022-03-18,2024-01-10,Platinum
CUST00497,Rayaan Devi,North,Enterprise,2022-07-10,1429,4.7,6,700979.51,305081.12,116829.92,2022-09-30,2024-01-08,Platinum
CUST00413,Bhavna Lanka,North,Smb,2022-11-12,1304,6.0,4,695323.04,308046.49,173830.76,2023-01-29,2024-09-23,Platinum
CUST00083,Faraj Chana,West,Enterprise,2024-09-02,644,9.1,12,694241.0,318868.45,57853.42,2022-03-07,2024-11-22,Platinum
CUST00144,Chatresh Chaudhari,West,Consumer,2022-04-22,1508,7.7,4,693327.19,292406.33,173331.8,2023-04-23,2024-08-27,Platinum
CUST00130,Triveni Pal,North,Smb,2021-11-14,1667,1.9,6,691582.73,305354.0,115263.79,2022-01-03,2024-08-05,Platinum
CUST00220,Oliver Bhattacharyya,West,Startup,2024-06-19,719,1.5,7,686640.05,285376.61,98091.44,2022-07-09,2024-06-13,Platinum
CUST00092,Saumya Ahluwalia,North,Smb,2020-02-12,2308,3.1,4,685497.28,272997.67,171374.32,2022-02-23,2024-12-24,Platinum
CUST00183,Falan Bhatia,South,Startup,2020-02-23,2297,4.2,5,684663.71,286415.91,136932.74,2022-03-15,2024-02-05,Platinum
CUST00065,Wahab Yogi,West,Smb,2023-03-27,1169,1.4,4,683779.5,287976.0,170944.88,2022-04-03,2024-04-14,Platinum
CUST00247,Elijah Parmar,South,Startup,2024-01-30,860,4.8,6,681722.89,267915.14,113620.48,2022-06-29,2024-03-16,Platinum
CUST00163,Gagan Sarna,South,Consumer,2023-08-17,1026,8.1,5,679354.4299999999,322830.2,135870.89,2022-10-22,2024-11-04,Platinum
CUST00047,Aishani Hora,North,Smb,2020-11-20,2026,5.9,6,679093.66,265664.22,113182.28,2022-03-05,2024-09-22,Platinum
CUST00184,Nachiket Cherian,South,Enterprise,2021-06-28,1806,7.7,6,677182.74,265680.84,112863.79,2022-03-21,2024-06-30,Platinum
CUST00405,Nidhi Sundaram,South,Smb,2024-07-31,677,4.3,10,676726.66,304098.75,67672.67,2022-04-06,2024-04-29,Platinum
CUST00048,Jeet Sidhu,East,Startup,2023-02-10,1214,7.0,7,676244.33,304663.11,96606.33,2022-02-07,2024-12-06,Platinum
CUST00425,Siya Sridhar,East,Startup,2023-04-18,1147,4.2,7,675549.13,248926.22,96507.02,2022-05-10,2024-11-29,Platinum
CUST00490,Ansh Devan,North,Enterprise,2023-09-09,1003,7.6,6,673555.5,260674.44,112259.25,2022-05-06,2024-08-22,Platinum
CUST00450,Yahvi Balay,North,Smb,2020-01-03,2348,4.9,6,671971.84,313348.48,111995.31,2022-03-06,2024-10-06,Platinum
CUST00456,Hemani Ravel,North,Smb,2024-02-06,853,1.9,6,670910.02,295656.7,111818.34,2022-08-28,2024-04-29,Platinum
CUST00488,Garima Prashad,South,Smb,2022-10-08,1339,8.0,7,670206.35,282644.83,95743.76,2022-03-17,2024-06-21,Platinum
CUST00208,Ekani Luthra,South,Consumer,2024-04-21,778,3.3,7,668283.42,265424.63,95469.06,2022-03-24,2024-11-15,Platinum
CUST00494,Pavani Purohit,West,Startup,2020-05-08,2222,9.7,9,666050.28,246925.91999999998,74005.59,2022-01-29,2023-09-24,Platinum
CUST00486,Zarna Dhillon,West,Consumer,2021-09-29,1713,6.0,5,665838.12,266930.16,133167.62,2022-03-02,2023-11-30,Platinum
CUST00028,Rushil Din,West,Smb,2020-05-12,2218,6.3,6,664785.95,313849.37,110797.66,2022-10-11,2024-07-13,Platinum
CUST00021,Kala Divan,East,Startup,2020-08-06,2132,3.7,4,660991.58,310696.71,165247.89,2022-06-25,2024-09-17,Platinum
CUST00300,Kamya Sachar,East,Consumer,2021-02-12,1942,4.6,9,659707.02,240317.72,73300.78,2022-09-06,2024-09-01,Platinum
CUST00052,Vedhika Dara,East,Enterprise,2024-04-29,770,9.8,7,659529.48,297052.68,94218.5,2022-02-07,2024-05-21,Platinum
CUST00075,Ekaraj Dhar,West,Smb,2020-10-30,2047,1.0,6,656459.4,253780.08000000002,109409.9,2022-06-02,2024-08-03,Platinum
CUST00161,Ojasvi Sawhney,North,Consumer,2021-08-10,1763,3.1,4,653345.56,281834.66000000003,163336.39,2022-08-03,2024-02-15,Platinum
CUST00365,Devansh Cherian,South,Smb,2021-05-06,1859,8.0,9,651593.86,263870.74,72399.32,2022-03-20,2024-12-05,Platinum
CUST00023,Inaya Mody,North,Startup,2020-08-18,2120,8.9,4,650091.14,257512.52000000002,162522.79,2023-08-18,2024-11-14,Platinum
CUST00441,Girindra Shetty,North,Consumer,2024-05-29,740,1.5,4,649846.79,281899.67,162461.7,2022-06-23,2024-09-19,Platinum
CUST00423,Nitara Natarajan,East,Startup,2024-06-26,712,2.7,5,646464.52,292143.6,129292.9,2022-11-23,2024-09-03,Platinum
CUST00058,Ekta Bhalla,South,Enterprise,2024-02-18,841,8.0,7,640800.68,265087.67,91542.95,2022-01-18,2024-11-14,Platinum
CUST00241,Aadhya Ahluwalia,North,Smb,2024-04-12,787,5.0,7,639726.85,260590.09,91389.55,2022-01-02,2024-05-30,Platinum
CUST00345,Eesha Raja,South,Smb,2024-12-31,524,8.8,7,636283.28,278929.42,90897.61,2023-01-19,2024-05-29,Platinum
CUST00125,Vanya Dua,East,Enterprise,2023-11-12,939,4.6,6,632484.9299999999,314237.07,105414.15,2022-04-10,2024-12-18,Platinum
CUST00206,Hitesh Chaudhuri,South,Smb,2020-08-16,2122,7.1,6,631482.43,272166.5,105247.07,2022-04-07,2024-12-23,Platinum
CUST00176,Dayamai Gill,East,Startup,2021-03-21,1905,9.6,5,629663.83,289068.7,125932.77,2022-02-18,2024-08-29,Platinum
CUST00110,Wishi Morar,North,Smb,2024-02-22,837,7.5,3,627719.09,290032.77,209239.7,2022-09-04,2024-06-30,Platinum
CUST00412,Guneet Suresh,North,Consumer,2021-11-11,1670,4.9,4,627378.88,281876.89,156844.72,2022-06-12,2024-08-24,Platinum
CUST00354,Lavanya Mutti,East,Smb,2024-11-30,555,6.9,4,626526.25,275208.45,156631.56,2023-01-25,2024-01-01,Platinum
CUST00387,Neelima Kannan,South,Consumer,2021-09-05,1737,3.2,2,618623.84,316736.16000000003,309311.92,2024-01-16,2024-09-26,Platinum
CUST00188,Lavanya Sandhu,West,Startup,2022-10-02,1345,5.0,6,617590.39,262823.11,102931.73,2022-02-21,2024-12-08,Platinum
CUST00289,Devika Tara,South,Consumer,2021-10-16,1696,8.7,3,616437.17,301953.59,205479.06,2023-01-11,2024-09-11,Platinum
CUST00420,Anvi Sarraf,South,Smb,2022-05-24,1476,3.1,5,614568.6,249472.13,122913.72,2022-01-05,2024-09-21,Platinum
CUST00158,Lipika Ramanathan,West,Startup,2021-09-11,1731,4.5,5,613291.63,245148.38,122658.33,2022-05-24,2023-08-22,Platinum
CUST00030,Yamini Sandhu,North,Enterprise,2021-05-03,1862,5.4,5,611526.4,273381.55,122305.28,2022-01-02,2024-02-17,Platinum
CUST00129,Ijaya Dani,West,Smb,2023-04-14,1151,8.3,6,606195.18,291572.94,101032.53,2022-02-28,2023-09-23,Platinum
CUST00392,Charita Sodhi,West,Consumer,2021-08-28,1745,7.4,7,602809.63,252474.93,86115.66,2022-06-05,2024-10-02,Platinum
CUST00071,Chaitaly Setty,West,Startup,2022-06-25,1444,5.6,6,599741.98,251547.91,99957.0,2022-05-04,2024-06-25,Platinum
CUST00459,Zinal Kota,East,Startup,2020-11-07,2039,6.5,5,598168.8099999999,242854.13,119633.76,2022-10-19,2024-11-30,Platinum
CUST00483,Nirja Kaul,North,Smb,2021-05-24,1841,7.5,7,596540.26,261765.88,85220.04,2022-03-01,2024-12-19,Platinum
CUST00315,Eesha Bir,West,Startup,2023-02-22,1202,8.2,6,595902.27,255172.38999999998,99317.04,2022-12-04,2024-08-11,Platinum
CUST00026,Chakrika Datta,West,Smb,2024-11-22,563,9.7,4,591662.52,244505.47,147915.63,2022-01-27,2024-04-29,Platinum
CUST00005,Turvi Raghavan,South,Consumer,2021-11-21,1660,4.4,5,589852.1900000001,228564.45,117970.44,2022-04-15,2024-11-05,Platinum
CUST00369,Janaki Zacharia,South,Smb,2023-04-12,1153,4.8,3,589843.07,249475.4,196614.36,2022-03-03,2024-09-15,Platinum
CUST00299,Ojasvi Cherian,East,Enterprise,2020-07-18,2151,8.2,6,587357.9,230095.83,97892.98,2022-06-25,2024-12-25,Platinum
CUST00298,Dalbir Lata,South,Startup,2020-05-31,2199,5.1,6,586630.18,262241.31,97771.7,2022-01-18,2024-07-25,Platinum
CUST00301,Bhavani Babu,North,Enterprise,2024-01-02,888,5.3,5,586362.72,235099.33,117272.54,2022-08-15,2024-08-26,Platinum
CUST00121,Parth Sahni,North,Smb,2021-08-03,1770,5.1,5,585706.9600000001,240902.34,117141.39,2022-12-30,2024-04-26,Platinum
CUST00025,Chaitanya Sarin,West,Consumer,2022-12-27,1259,2.2,7,582476.02,216299.36000000002,83210.86,2022-01-20,2024-05-29,Platinum
CUST00452,Janaki Dugar,East,Smb,2023-08-22,1021,4.6,5,581957.29,272724.03,116391.46,2022-03-29,2024-04-18,Platinum
CUST00169,Faras Deo,West,Smb,2020-09-11,2096,7.1,5,579574.6799999999,229206.11000000002,115914.94,2022-02-01,2024-08-13,Platinum
CUST00113,Xiti Baria,South,Enterprise,2020-01-27,2324,5.2,6,578808.1799999999,227352.6,96468.03,2022-03-02,2024-09-14,Platinum
CUST00472,Ucchal Mann,East,Startup,2024-04-13,786,7.1,2,578102.26,244080.55,289051.13,2023-10-18,2024-01-13,Platinum
CUST00152,Saumya Srinivas,North,Smb,2021-09-06,1736,1.4,7,576210.46,225948.0,82315.78,2022-01-23,2024-12-11,Platinum
CUST00381,Mahika Gola,West,Consumer,2021-04-08,1887,8.5,3,571975.8200000001,274951.02,190658.61,2022-01-30,2024-07-31,Platinum
CUST00123,Prisha Varma,South,Enterprise,2021-04-06,1889,9.2,3,569346.61,188623.62,189782.2,2022-04-22,2022-12-02,Platinum
CUST00156,Ganga Sandhu,West,Startup,2024-07-06,702,3.6,3,568463.5399999999,226643.97,189487.85,2022-03-30,2024-02-19,Platinum
CUST00313,Ayushman Mammen,East,Startup,2021-01-29,1956,3.5,5,563222.86,232265.18,112644.57,2023-07-28,2024-12-29,Platinum
CUST00397,Janani Dewan,East,Enterprise,2022-04-28,1502,1.8,2,562439.3,263206.8,281219.65,2022-12-05,2023-11-06,Platinum
CUST00496,Chaitaly Thaker,East,Startup,2021-04-24,1871,2.8,3,562188.39,245976.66,187396.13,2022-12-16,2024-03-02,Platinum
CUST00205,Eshana Majumdar,East,Startup,2022-09-22,1355,4.7,4,559532.98,237679.13,139883.24,2022-02-03,2024-10-02,Platinum
CUST00197,Ojas Sachdev,West,Consumer,2023-05-15,1120,1.9,5,555642.77,217213.15,111128.55,2023-01-07,2024-09-06,Platinum
CUST00231,Wishi Sekhon,North,Startup,2020-02-08,2312,2.6,5,552849.34,248490.81,110569.87,2022-11-29,2024-12-17,Platinum
CUST00276,Qarin Tara,South,Enterprise,2023-02-09,1215,5.2,5,552373.89,214889.67,110474.78,2022-12-06,2024-09-19,Platinum
CUST00185,Daksha Baria,North,Startup,2024-05-13,756,6.3,3,552091.17,218479.98,184030.39,2022-05-30,2023-12-19,Platinum
CUST00431,Upadhriti Deo,West,Smb,2022-10-05,1342,8.6,4,548232.5,216617.43,137058.13,2022-12-18,2024-01-11,Platinum
CUST00359,Aashi Chauhan,West,Startup,2022-05-04,1496,2.2,7,546804.26,252123.26,78114.89,2022-08-07,2024-03-10,Platinum
CUST00352,Hemal Chad,North,Consumer,2022-04-04,1526,5.9,5,544953.09,175595.12,108990.62,2022-03-08,2024-04-15,Platinum
CUST00116,Omya Doshi,South,Consumer,2021-09-15,1727,3.2,5,544931.83,228601.18000000002,108986.37,2022-11-26,2024-09-28,Platinum
CUST00378,Faris Nayak,East,Enterprise,2024-07-24,684,4.9,5,542348.32,233624.55000000002,108469.66,2023-02-02,2024-08-21,Platinum
CUST00140,Bhavini Badal,North,Consumer,2024-10-16,600,9.4,6,538807.69,197948.57,89801.28,2022-02-12,2024-11-20,Platinum
CUST00066,Kamala Kalla,West,Startup,2024-07-10,698,7.5,8,537375.25,212125.18,67171.91,2022-03-07,2024-11-11,Platinum
CUST00082,Ekansh Singh,West,Consumer,2020-05-12,2218,4.0,3,536906.22,241758.75,178968.74,2022-09-22,2024-08-20,Platinum
CUST00442,Suhani Sengupta,East,Consumer,2020-09-29,2078,7.4,3,536762.4,216997.79,178920.8,2022-01-10,2024-02-12,Platinum
CUST00473,Charita Chakraborty,North,Startup,2024-02-04,855,3.1,6,528406.89,223655.19,88067.82,2022-03-07,2024-12-03,Platinum
CUST00295,Sudiksha Acharya,South,Enterprise,2021-07-31,1773,8.9,6,526678.7,208249.91,87779.78,2022-02-12,2024-05-06,Platinum
CUST00357,Qarin Kulkarni,West,Startup,2022-04-17,1513,4.4,5,517259.81,203452.42,103451.96,2022-08-30,2024-08-20,Platinum
CUST00461,Omaja Gaba,West,Consumer,2021-10-07,1705,3.2,4,515793.55,237898.87,128948.39,2022-12-29,2024-11-02,Platinum
CUST00117,Oscar Sharaf,West,Consumer,2022-02-19,1570,5.0,5,505160.97000000003,216063.81,101032.19,2022-07-07,2023-10-30,Platinum
CUST00229,Zilmil Virk,East,Enterprise,2023-12-23,898,3.8,5,503830.18,251068.5,100766.04,2022-11-16,2024-03-04,Platinum
CUST00189,Varenya Bhat,North,Startup,2020-05-15,2215,6.6,3,503448.12,233639.94999999998,167816.04,2022-12-23,2024-08-09,Platinum
CUST00386,Yashica Narula,North,Consumer,2021-10-07,1705,2.9,3,501531.41000000003,213818.28,167177.14,2023-06-16,2024-07-14,Platinum
CUST00274,Mitali Kapadia,North,Consumer,2024-10-10,606,7.4,5,500922.98,226380.68,100184.6,2022-08-17,2024-10-15,Platinum
CUST00225,Yasti Borde,East,Startup,2020-12-20,1996,7.4,5,499178.01999999996,225243.36000000002,99835.6,2022-04-17,2024-12-15,Gold
CUST00089,Rishi Pillai,East,Consumer,2022-02-16,1573,9.6,5,499023.64,207263.92,99804.73,2022-03-01,2024-10-31,Gold
CUST00433,Abha Gade,North,Smb,2021-08-15,1758,5.1,4,498327.08,214923.74,124581.77,2022-09-10,2024-11-07,Gold
CUST00327,Odika Vohra,East,Startup,2023-08-07,1036,5.4,6,495243.32,183014.63999999998,82540.55,2023-01-12,2024-09-06,Gold
CUST00336,Yoshita Chaudry,South,Smb,2024-03-12,818,4.4,5,492429.63,199978.86,98485.93,2023-02-15,2024-10-11,Gold
CUST00361,Chavvi Rattan,East,Startup,2024-08-26,651,3.4,5,491907.73,217285.99000000002,98381.55,2022-02-04,2023-05-15,Gold
CUST00168,Chasmum Dutt,South,Consumer,2024-07-06,702,1.8,5,491194.23,208418.96000000002,98238.85,2023-11-18,2024-12-08,Gold
CUST00212,Udarsh Krishnan,West,Enterprise,2020-02-13,2307,2.5,5,488627.66,208703.35,97725.53,2022-03-09,2024-10-03,Gold
CUST00491,Kalpit Gupta,East,Smb,2021-05-03,1862,9.7,5,488320.77999999997,236061.94,97664.16,2022-02-03,2024-02-06,Gold
CUST00385,Edhitha Padmanabhan,East,Consumer,2023-11-03,948,9.1,3,484488.25,207613.57,161496.08,2022-01-18,2024-02-06,Gold
CUST00482,Dhriti Bhattacharyya,South,Startup,2022-02-24,1565,2.6,7,479750.75,167597.43,68535.82,2023-03-28,2024-06-23,Gold
CUST00288,Max Bawa,North,Smb,2022-05-02,1498,2.8,3,478087.45999999996,206593.30000000002,159362.49,2023-11-02,2024-04-25,Gold
CUST00221,Netra Bahl,North,Startup,2020-03-19,2272,8.5,5,477322.86,178080.69,95464.57,2022-09-10,2024-02-28,Gold
CUST00248,Chakrika Dhawan,East,Smb,2020-04-08,2252,6.8,3,475382.60000000003,219361.47,158460.87,2022-12-09,2024-09-15,Gold
CUST00070,Neelima Sandhu,South,Smb,2024-09-04,642,3.6,4,473720.22000000003,177921.79,118430.06,2022-04-11,2022-12-04,Gold
CUST00100,Jonathan Bhavsar,East,Consumer,2022-06-11,1458,5.7,6,473419.66,187575.94,78903.28,2022-01-26,2024-09-18,Gold
CUST00445,Michael Saxena,East,Startup,2022-09-27,1350,1.0,3,470430.26,180623.54,156810.09,2022-12-18,2024-05-21,Gold
CUST00057,Lajita Nadig,West,Consumer,2021-04-30,1865,9.8,5,468425.05,201455.93,93685.01,2022-07-13,2024-06-07,Gold
CUST00211,Libni Bawa,West,Consumer,2023-03-26,1170,4.6,4,464463.69,222537.47,116115.92,2022-01-06,2024-11-01,Gold
CUST00417,Ishaan Doctor,West,Startup,2021-12-15,1636,4.9,5,463862.48,157312.32,92772.5,2023-06-09,2023-09-18,Gold
CUST00320,Triya Ganesan,South,Enterprise,2022-12-24,1262,3.1,5,462657.49,218147.45,92531.5,2022-11-04,2024-11-21,Gold
CUST00182,Oni Swamy,North,Consumer,2020-10-24,2053,5.9,4,462518.55,177280.62,115629.64,2022-04-20,2024-12-20,Gold
CUST00131,Chanakya Konda,South,Smb,2022-10-12,1335,9.5,5,453456.21,213512.78,90691.24,2022-06-15,2024-06-22,Gold
CUST00343,Aadi Din,South,Enterprise,2021-12-07,1644,5.9,4,450922.98,212808.33000000002,112730.74,2022-02-18,2024-12-16,Gold
CUST00118,Ikshita Mahal,West,Startup,2020-05-04,2226,7.7,6,448776.47,202442.43,74796.08,2022-01-15,2024-10-24,Gold
CUST00415,Anirudh Varty,South,Consumer,2022-09-16,1361,4.7,7,448160.45999999996,221179.21000000002,64022.92,2022-05-22,2024-08-13,Gold
CUST00093,Oni Shankar,West,Startup,2021-03-23,1903,3.3,9,444628.4,172876.61000000002,49403.16,2022-07-20,2024-12-22,Gold
CUST00051,Yoshita Agarwal,West,Consumer,2024-09-29,617,6.7,2,441685.85000000003,180763.6,220842.93,2023-02-22,2023-09-28,Gold
CUST00053,Yashodhara Mahajan,South,Startup,2022-05-26,1474,2.0,8,430423.54,176419.97,53802.94,2022-04-17,2024-09-24,Gold
CUST00411,Anmol Yohannan,North,Consumer,2023-09-09,1003,2.5,3,430120.05,210575.79,143373.35,2022-02-26,2024-10-18,Gold
CUST00069,Devansh Soni,East,Smb,2023-09-24,988,7.1,5,426692.35,190902.66,85338.47,2022-05-02,2024-08-12,Gold
CUST00265,Praneel Prabhakar,West,Startup,2024-03-16,814,9.6,4,426390.41000000003,208350.57,106597.6,2022-09-22,2024-11-28,Gold
CUST00249,Hemangini Kakar,West,Enterprise,2022-10-21,1326,1.1,5,426127.46,172287.87,85225.49,2022-01-17,2024-12-25,Gold
CUST00267,Leena Rattan,East,Consumer,2020-03-08,2283,7.1,3,423964.92,176701.58,141321.64,2023-02-12,2024-02-12,Gold
CUST00375,Abdul Sahni,South,Enterprise,2020-11-06,2040,5.6,6,422374.02999999997,192473.29,70395.67,2022-02-07,2024-03-21,Gold
CUST00165,Ekanta Kota,West,Smb,2024-05-30,739,9.7,7,421484.45,189562.34,60212.06,2022-03-25,2024-12-27,Gold
CUST00403,Ranbir Boase,South,Smb,2023-11-25,926,3.8,7,416331.19,167402.88,59475.88,2022-07-27,2024-11-30,Gold
CUST00453,Harita Mangat,East,Smb,2020-07-06,2163,1.0,5,410355.61,165518.36,82071.12,2022-04-11,2024-06-09,Gold
CUST00084,Harshil Oza,North,Startup,2021-12-22,1629,4.5,5,407968.89,173765.77,81593.78,2022-03-05,2024-04-28,Gold
CUST00371,Eshana Saini,East,Consumer,2022-09-28,1349,6.8,9,404333.46,142473.58,44925.94,2022-11-13,2024-06-11,Gold
CUST00250,Bina Bhavsar,South,Smb,2020-01-05,2346,3.2,3,402037.65,132842.48,134012.55,2022-07-24,2023-12-20,Gold
CUST00455,Matthew Bhardwaj,North,Consumer,2024-10-28,588,2.2,8,401494.33,165622.96,50186.79,2022-06-14,2024-09-30,Gold
CUST00384,Bhavika Gopal,North,Smb,2024-11-13,572,6.1,4,395319.65,164586.94,98829.91,2022-07-02,2024-10-06,Gold
CUST00103,Janaki Trivedi,West,Enterprise,2024-10-09,607,5.4,6,393722.38,156142.58,65620.4,2022-04-21,2024-06-21,Gold
CUST00292,Xavier Andra,West,Smb,2024-11-08,577,8.3,3,392498.77999999997,149126.37,130832.93,2023-02-22,2024-12-07,Gold
CUST00281,Bishakha Loke,South,Smb,2021-10-23,1689,3.0,3,391859.95,169679.19,130619.98,2022-02-18,2024-03-17,Gold
CUST00398,Farhan Sandal,South,Startup,2020-12-14,2002,3.7,5,387247.54000000004,156550.65,77449.51,2022-02-01,2024-10-09,Gold
CUST00440,Charita Dixit,East,Startup,2024-10-24,592,9.1,4,383030.1,168089.15,95757.52,2023-05-12,2024-11-26,Gold
CUST00068,Kalpit Zachariah,North,Startup,2023-09-28,984,4.6,5,382925.24,177257.66,76585.05,2022-03-24,2024-02-13,Gold
CUST00187,Falan Bains,East,Startup,2020-03-05,2286,5.3,5,382004.52,143184.48,76400.9,2022-01-15,2024-04-23,Gold
CUST00200,Mitesh Bhagat,North,Enterprise,2021-07-14,1790,3.8,4,376205.38,141752.38999999998,94051.35,2022-04-27,2023-11-28,Gold
CUST00122,Krish Thaman,South,Consumer,2023-07-05,1069,8.2,3,373269.52,182478.71,124423.17,2022-05-01,2024-03-15,Gold
CUST00217,Odika Bhagat,North,Smb,2020-12-22,1994,7.8,7,373028.64,167362.94,53289.81,2022-12-03,2024-09-12,Gold
CUST00228,Jagrati Balakrishnan,East,Smb,2023-04-09,1156,9.3,5,372433.51,157695.61000000002,74486.7,2022-12-30,2024-06-10,Gold
CUST00009,Neel Zacharia,North,Consumer,2022-02-18,1571,6.7,3,371354.08999999997,159011.04,123784.7,2022-03-06,2024-03-09,Gold
CUST00309,Urishilla Bajaj,North,Enterprise,2021-10-05,1707,4.7,3,370558.6,143552.33000000002,123519.53,2022-03-30,2023-09-28,Gold
CUST00178,Nakul Kumer,East,Smb,2021-01-24,1961,9.5,4,364975.46,158972.55,91243.87,2022-04-29,2024-05-05,Gold
CUST00107,Shivansh Saha,East,Smb,2021-05-14,1851,6.2,5,360557.77999999997,165179.59,72111.56,2022-04-05,2024-10-27,Gold
CUST00003,Hemangini Lalla,North,Consumer,2023-12-08,913,3.0,5,357293.6,147441.75,71458.72,2022-04-17,2024-08-11,Gold
CUST00430,Chakradev Ahluwalia,West,Consumer,2020-01-21,2330,2.8,2,352754.67,118104.39,176377.33,2022-05-02,2022-12-04,Gold
CUST00202,Udyati Lall,North,Consumer,2020-03-04,2287,5.8,5,346166.27,141410.66,69233.25,2023-01-22,2024-04-16,Gold
CUST00366,Oscar Nayak,West,Startup,2022-01-06,1614,4.2,4,343653.55,132678.16,85913.39,2023-03-28,2024-06-10,Gold
CUST00244,Aryan Varughese,North,Smb,2021-10-15,1697,8.6,3,335586.82,105037.66,111862.27,2023-12-02,2024-10-27,Gold
CUST00380,Hemani Sethi,East,Smb,2022-03-24,1537,9.6,5,333859.45,122436.84999999999,66771.89,2022-01-23,2024-08-17,Gold
CUST00275,Abhiram Arora,South,Startup,2020-09-06,2101,8.1,3,332824.92,159991.74,110941.64,2022-12-30,2023-10-12,Gold
CUST00002,Rushil Saini,North,Enterprise,2020-07-11,2158,5.5,4,331733.59,149673.66,82933.4,2022-04-07,2023-04-22,Gold
CUST00245,Shivansh Kala,East,Enterprise,2021-08-11,1762,5.3,3,331440.35,123945.29,110480.12,2023-09-11,2024-08-06,Gold
CUST00355,Zinal Nazareth,South,Smb,2020-05-05,2225,6.3,4,317284.37,81198.16,79321.09,2022-06-13,2023-10-18,Gold
CUST00207,Balvan Randhawa,West,Enterprise,2022-03-21,1540,1.5,3,312871.13,138572.77,104290.38,2022-03-23,2024-12-22,Gold
CUST00270,Harini Dada,South,Startup,2023-02-25,1199,8.0,7,311540.72,142829.34,44505.82,2022-03-15,2024-12-23,Gold
CUST00302,Baljiwan Sharma,West,Startup,2022-11-22,1294,9.4,6,308748.24,124114.94,51458.04,2022-07-25,2024-08-30,Gold
CUST00143,Amol Johal,West,Consumer,2024-11-16,569,7.3,3,307245.16000000003,116061.63,102415.05,2024-02-08,2024-11-26,Gold
CUST00180,Udyati Mandal,North,Smb,2020-09-15,2092,2.8,4,295230.83,134164.12,73807.71,2022-05-10,2024-12-18,Gold
CUST00259,Manan Bhalla,North,Smb,2024-06-26,712,9.0,6,289040.83999999997,136577.18,48173.47,2022-02-25,2024-10-02,Gold
CUST00049,Ansh Luthra,South,Enterprise,2020-08-08,2130,2.4,2,286596.57,122513.35,143298.29,2023-01-21,2023-12-31,Gold
CUST00426,Ansh Bajaj,West,Consumer,2023-12-17,904,9.3,4,284321.39999999997,113800.44,71080.35,2022-07-29,2024-12-12,Gold
CUST00290,Jairaj Kothari,West,Consumer,2022-11-21,1295,3.9,4,277592.1,118579.45,69398.02,2022-05-03,2024-10-13,Gold
CUST00148,Amrita Tailor,South,Startup,2021-06-27,1807,7.2,3,273532.63,122102.92,91177.54,2022-05-02,2024-08-08,Gold
CUST00201,Darika Rao,East,Enterprise,2024-11-17,568,6.9,7,270505.83,111761.94,38643.69,2022-11-07,2024-11-29,Gold
CUST00235,Vasudha Trivedi,South,Consumer,2024-04-29,770,9.1,4,270044.83999999997,107427.1,67511.21,2022-04-21,2024-08-21,Gold
CUST00013,Darsh Rau,East,Smb,2021-03-09,1917,6.1,7,262928.73,103001.17,37561.25,2022-03-15,2024-12-22,Gold
CUST00222,Chanakya Chokshi,North,Startup,2022-11-05,1311,6.2,3,255038.46000000002,115184.13,85012.82,2022-03-19,2023-07-20,Gold
CUST00067,Ansh Bedi,South,Smb,2023-09-23,989,6.6,3,254956.6,93765.52,84985.53,2022-01-14,2024-08-08,Gold
CUST00429,Upasna Deol,West,Startup,2022-09-30,1347,2.7,2,254558.34,108758.29,127279.17,2022-12-22,2024-09-20,Gold
CUST00447,Amrita Sahni,West,Consumer,2024-08-17,660,3.4,4,253886.9,102509.89,63471.72,2023-05-30,2024-02-26,Gold
CUST00017,Diya Lal,North,Smb,2020-11-24,2022,4.8,3,248774.21,114702.59,82924.74,2022-05-02,2024-12-23,Gold
CUST00179,Oni Kapur,West,Startup,2023-08-08,1035,9.7,4,248170.77,106474.52,62042.69,2022-07-03,2024-10-07,Gold
CUST00034,Priya Deshmukh,South,Startup,2020-10-15,2062,3.5,4,244243.96,77822.94,61060.99,2022-12-26,2024-07-13,Gold
CUST00119,Saksham Yohannan,South,Smb,2020-06-16,2183,2.6,4,243022.5,87691.32,60755.63,2024-03-28,2024-11-25,Gold
CUST00325,Manbir Bhakta,North,Consumer,2021-01-17,1968,9.7,2,242300.72999999998,100056.46,121150.36,2022-10-22,2023-02-15,Gold
CUST00203,Vaishnavi Keer,West,Startup,2020-11-19,2027,7.5,2,241940.82,102271.88,120970.41,2023-02-26,2023-06-04,Gold
CUST00031,Anita Nayak,South,Smb,2022-08-27,1381,2.7,4,239040.1,98811.34,59760.03,2023-01-23,2023-09-18,Gold
CUST00294,Vrishti Gupta,East,Enterprise,2022-03-17,1544,9.7,3,235762.53,90559.72,78587.51,2022-01-08,2022-12-08,Gold
CUST00260,Theodore Roy,West,Smb,2021-01-18,1967,5.5,3,230627.95,102992.47,76875.98,2022-06-08,2024-01-12,Gold
CUST00410,Gunbir Sangha,West,Consumer,2022-01-07,1613,8.3,4,226868.24,82440.53,56717.06,2022-07-22,2024-06-27,Gold
CUST00448,Yashica Kanda,East,Startup,2020-09-25,2082,5.4,3,226187.52,87310.12,75395.84,2022-06-02,2024-07-11,Gold
CUST00239,Lopa Khanna,East,Startup,2022-05-08,1492,8.4,3,224752.35,96664.96,74917.45,2022-01-08,2024-06-07,Gold
CUST00272,Irya Kamdar,South,Enterprise,2020-06-01,2198,9.1,3,222256.55,100600.42,74085.52,2022-02-04,2023-10-22,Gold
CUST00305,Tristan Sankaran,East,Consumer,2023-04-11,1154,9.1,4,212182.62,71063.52,53045.65,2022-01-15,2024-12-14,Gold
CUST00283,Madhavi More,East,Startup,2020-12-12,2004,6.2,3,208503.81,84997.58,69501.27,2022-11-17,2024-05-09,Gold
CUST00242,Qarin Verma,South,Enterprise,2021-03-31,1895,9.0,3,206385.5,79310.45,68795.17,2023-04-23,2024-12-07,Gold
CUST00286,Abhimanyu Prakash,West,Startup,2023-07-09,1065,6.8,3,206339.47,97278.48,68779.82,2023-11-23,2024-08-25,Gold
CUST00279,Hemangini Bahri,North,Startup,2022-11-26,1290,8.9,2,203980.32,67235.12999999999,101990.16,2022-10-29,2023-04-27,Gold
CUST00234,Hamsini Chokshi,North,Consumer,2023-06-20,1084,4.4,4,199980.02000000002,58468.35,49995.01,2022-08-16,2024-09-05,Silver
CUST00322,Frederick Viswanathan,North,Smb,2024-12-09,546,5.3,1,199884.91999999998,97360.82,199884.92,2024-07-23,2024-07-23,Silver
CUST00264,Janaki Chhabra,East,Smb,2024-06-09,729,1.7,2,194453.71,75740.94,97226.85,2022-12-12,2024-09-25,Silver
CUST00446,Warhi Mannan,North,Startup,2023-11-30,921,1.6,2,192415.44,77263.59,96207.72,2022-07-21,2023-12-19,Silver
CUST00042,Diya Dar,North,Smb,2024-12-29,526,6.2,2,190086.0,74243.04,95043.0,2022-10-12,2024-09-19,Silver
CUST00141,Nidra Sharaf,East,Smb,2021-09-04,1738,6.2,2,185661.19,78558.52,92830.6,2023-04-02,2024-03-12,Silver
CUST00020,Aradhana Basu,East,Smb,2020-11-20,2026,9.6,3,180490.47,86318.03,60163.49,2022-05-12,2022-12-24,Silver
CUST00059,Widisha Dhar,West,Smb,2024-06-01,737,4.4,4,176731.32,74091.04,44182.83,2022-08-29,2024-12-14,Silver
CUST00240,Rishi Menon,South,Enterprise,2022-09-12,1365,6.0,2,168150.03999999998,49895.84,84075.02,2023-01-11,2023-01-13,Silver
CUST00238,Chatresh Bhalla,West,Smb,2023-03-15,1181,5.2,2,150345.13999999998,74904.56999999999,75172.57,2022-01-29,2023-12-18,Silver
CUST00335,Devika Bajaj,East,Startup,2021-08-28,1745,3.0,2,146637.7,50748.65,73318.85,2022-03-29,2023-03-02,Silver
CUST00474,Ekanta Om,South,Consumer,2020-08-26,2112,6.5,1,146517.3,59368.96,146517.3,2023-01-21,2023-01-21,Silver
CUST00323,Oni Morar,South,Smb,2023-08-16,1027,7.9,3,146131.8,51960.29,48710.6,2023-01-03,2024-01-16,Silver
CUST00029,Hredhaan Sandal,South,Enterprise,2023-12-21,900,3.1,3,144494.22,56975.3,48164.74,2022-05-30,2024-04-23,Silver
CUST00263,Vansha Kaul,West,Smb,2022-06-29,1440,1.4,2,144317.82,44647.840000000004,72158.91,2022-08-05,2024-09-09,Silver
CUST00414,Shaurya Palan,South,Smb,2022-08-07,1401,6.3,2,141696.61000000002,54078.81,70848.31,2023-05-26,2023-12-29,Silver
CUST00127,Yochana Sagar,East,Enterprise,2021-04-14,1881,8.5,3,138966.91,57399.42,46322.3,2022-04-14,2024-11-07,Silver
CUST00210,Jatin Balasubramanian,South,Enterprise,2024-10-31,585,4.9,2,129505.04999999999,44509.03,64752.52,2022-05-07,2023-06-05,Silver
CUST00273,Jagdish Brar,West,Consumer,2024-09-28,618,7.0,2,114921.75,43116.71,57460.88,2023-02-12,2024-07-15,Silver
CUST00458,Saumya Misra,South,Startup,2020-01-19,2332,2.5,4,107259.56,41430.340000000004,26814.89,2022-07-08,2024-12-22,Silver
CUST00285,Abha Dugal,North,Consumer,2024-04-29,770,6.9,2,93658.87,47994.130000000005,46829.43,2024-06-27,2024-10-07,Silver
CUST00136,Lajita Shukla,South,Smb,2020-01-30,2321,1.8,3,89104.79,32961.31,29701.6,2022-07-25,2024-02-07,Silver
CUST00012,Arya Sunder,South,Consumer,2024-05-09,760,8.4,2,84322.02,40128.76,42161.01,2022-01-05,2024-12-03,Silver
CUST00310,Aadhya Garde,South,Startup,2023-06-07,1097,8.9,2,79057.63,24011.11,39528.82,2022-11-28,2023-12-17,Silver
CUST00330,Gauri Om,South,Startup,2023-08-02,1041,8.4,2,58559.88,20334.78,29279.94,2022-09-09,2024-12-21,Silver
CUST00328,Kai Taneja,South,Smb,2024-07-15,693,2.5,1,54675.810000000005,24593.04,54675.81,2023-10-28,2023-10-28,Silver
CUST00096,Qabil Deshmukh,West,Consumer,2021-02-11,1943,7.2,1,50544.48,22447.08,50544.48,2022-09-05,2022-09-05,Silver
CUST00492,Chatresh Mammen,South,Enterprise,2021-04-20,1875,5.7,2,41746.66,14794.810000000001,20873.33,2022-04-27,2024-11-11,Bronze
CUST00400,Naveen Tella,North,Smb,2021-05-21,1844,5.5,2,41474.36,13999.65,20737.18,2022-10-20,2024-01-05,Bronze
CUST00036,Tejas Shroff,North,Consumer,2024-10-05,611,4.7,1,32193.87,10550.09,32193.87,2023-12-17,2023-12-17,Bronze
CUST00312,Yug Wagle,West,Consumer,2022-07-31,1408,4.1,2,32014.56,15943.02,16007.28,2023-07-20,2024-09-14,Bronze
CUST00098,Fitan Samra,North,Smb,2022-05-28,1472,1.6,1,27365.47,12451.8,27365.47,2023-03-23,2023-03-23,Bronze
CUST00421,Vaishnavi Pillai,West,Smb,2023-09-09,1003,1.3,1,25776.48,6663.93,25776.48,2024-08-22,2024-08-22,Bronze
CUST00340,Yashoda Chauhan,West,Startup,2024-01-09,881,1.8,1,16671.16,8012.5,16671.16,2022-01-21,2022-01-21,Bronze
